"kind","quantity","point","pct_2_5","pct_50","pct_97_5","n_valid"
"dca_nb","rmrs_score__allcause__t9.5",0.0123800844406524,0.00925225963648425,0.0125263682540978,0.0155286436885041,500
"dca_nb","b9_score__allcause__t9.5",0.0119838246609217,0.0101879146295065,0.012959114598502,0.0157176068349636,500
"dca_nb","pce_score__allcause__t9.5",0.0536795269395957,0.0501417047312654,0.0537149455912363,0.0575839833778031,500
"dca_nb","framingham_score__allcause__t9.5",0.0303598631081694,0.0273389555200489,0.0305723763354551,0.0334710291411347,500
"dca_nb","findrisc_score__allcause__t9.5",0.0176828398230826,0.0148597318047586,0.018009696118399,0.0213310318062501,500
"dca_nb","rmrs_score__cv__t9.5",0.000742943369098963,0.000179896457833743,0.000822382698783518,0.0015386750714961,500
"dca_nb","b9_score__cv__t9.5",0.000949699410767192,0.000144668871415844,0.000922736262191597,0.00183091583246441,500
"dca_nb","pce_score__cv__t9.5",0.00985115269974726,0.0081600733920986,0.0099655669660807,0.0117679795573298,500
"dca_nb","framingham_score__cv__t9.5",0.00490494448574397,0.00374367402768275,0.00490863586015542,0.006597230253445,500
"dca_nb","rmrs_score__dm__t14.5",0.00170223437710129,0.000904215130857182,0.00183526360055576,0.00299369508085839,500
"dca_nb","b9_score__dm__t14.5",0.00157707261437649,0.00053344675422116,0.00156734901527674,0.00247296793850473,500
"dca_nb","findrisc_score__dm__t14.5",0.00230839906576023,0.000575516732568214,0.0022282274239227,0.00381208634151062,500
