"kind","quantity","point","pct_2_5","pct_50","pct_97_5","n_valid","registered_h3"
"auc","rmrs_score__allcause__t9.5",0.59975304765067,0.585246692314777,0.599982440274071,0.616701907107255,500,FALSE
"auc","b9_score__allcause__t9.5",0.585450661017211,0.571621871910519,0.585114582226528,0.598643586514102,500,FALSE
"auc","pce_score__allcause__t9.5",0.758317426124278,0.74570527331531,0.758463346721976,0.771663923237643,500,FALSE
"auc","framingham_score__allcause__t9.5",0.810358008658895,0.800081201444947,0.81047262704352,0.820730748176342,500,FALSE
"auc","findrisc_score__allcause__t9.5",0.672365641113135,0.658557218679898,0.672572812029286,0.686578614391102,500,FALSE
"auc","rmrs_score__cv__t9.5",0.659849347957088,0.633076720313611,0.659619986808199,0.69007462085133,500,FALSE
"auc","b9_score__cv__t9.5",0.630976206602734,0.597883637217905,0.629185148424959,0.660775559943233,500,FALSE
"auc","pce_score__cv__t9.5",0.809816327251543,0.785235195978893,0.810064958104741,0.838307568452016,500,FALSE
"auc","framingham_score__cv__t9.5",0.857851250978149,0.838536292451782,0.85777180649679,0.877310600955102,500,FALSE
"auc","rmrs_score__dm__t14.5",0.75169121563045,0.716313035619769,0.750919701142571,0.789726310311858,500,FALSE
"auc","b9_score__dm__t14.5",0.691520871072064,0.646637350647964,0.691643591304728,0.731606941750573,500,FALSE
"auc","findrisc_score__dm__t14.5",0.769713220685523,0.729462997961753,0.769928832918097,0.811540695962795,500,FALSE
"weighted_auc","rmrs_score__allcause__t9.5",0.616281142051488,0.597544414115582,0.616440337376322,0.63610482885436,500,FALSE
"weighted_auc","b9_score__allcause__t9.5",0.596313096996415,0.57677712721854,0.596238214353457,0.613606980088405,500,FALSE
"weighted_auc","pce_score__allcause__t9.5",0.765872826135123,0.744993878921615,0.766434642505678,0.786894971619782,500,FALSE
"weighted_auc","framingham_score__allcause__t9.5",0.795906899882105,0.779504654975595,0.796163393377121,0.814047172340016,500,FALSE
"weighted_auc","findrisc_score__allcause__t9.5",0.675397889796154,0.657444373939075,0.675840528050612,0.694074829732893,500,FALSE
"weighted_auc","rmrs_score__cv__t9.5",0.641658114421797,0.604379163876804,0.640167721318742,0.681628312002573,500,FALSE
"weighted_auc","b9_score__cv__t9.5",0.613241534008047,0.568756850557102,0.611999447777719,0.655835271170802,500,FALSE
"weighted_auc","pce_score__cv__t9.5",0.786465220807576,0.752920515954302,0.789113083544551,0.830231106748346,500,FALSE
"weighted_auc","framingham_score__cv__t9.5",0.841665345605309,0.814328769578674,0.841929927080535,0.87094338018912,500,FALSE
"weighted_auc","rmrs_score__dm__t14.5",0.790303160666591,0.743620872426645,0.789159602827165,0.831529974275458,500,FALSE
"weighted_auc","b9_score__dm__t14.5",0.710137948168708,0.657926873130544,0.709985503528935,0.75662530531438,500,FALSE
"weighted_auc","findrisc_score__dm__t14.5",0.749560679406911,0.702441712313418,0.750627583108972,0.793010436710808,500,FALSE
"delta_auc","rmrs_score_vs_findrisc_score__dm__t14.5",-0.0200900184243727,-0.0681307891012554,-0.0195965713515628,0.0277016400386496,500,TRUE
"delta_auc","rmrs_score_vs_b9_score__allcause__t9.5",0.0143023866334595,0.000303923123632985,0.0146648459852218,0.0292044928906107,500,FALSE
"delta_auc","rmrs_score_vs_b9_score__cv__t9.5",0.0288731413543538,-0.00339577035475379,0.0298848527681476,0.063528080842364,500,FALSE
"delta_auc","rmrs_score_vs_b9_score__dm__t14.5",0.0601703445583862,0.0153484917796217,0.0591411867769306,0.109875143562186,500,FALSE
"delta_auc","pce_score_vs_framingham_score__cv__t9.5",0.00909715482004803,-0.00111560711694077,0.00960311226767979,0.0208916472189009,500,FALSE
"delta_auc_binary","rmrs_score_vs_findrisc_score__dm__t14.5",0.0133094170403587,-0.0428577544852948,0.0123449468453947,0.0630955106233846,500,FALSE
"delta_auc_binary","rmrs_score_vs_b9_score__allcause__t9.5",0.016793620402856,0.00360567805104408,0.0170807661411903,0.0312938447470771,500,FALSE
"delta_auc_binary","rmrs_score_vs_b9_score__cv__t9.5",0.0319474730127883,0.00304029469491882,0.0331047977896142,0.067270968132501,500,FALSE
"delta_auc_binary","rmrs_score_vs_b9_score__dm__t14.5",0.0805595287760494,0.0399718632690019,0.080078609810521,0.126442351371033,500,FALSE
"delta_auc_binary","pce_score_vs_framingham_score__cv__t9.5",0.00688198775479154,-0.00360165903121629,0.00749940241116365,0.0188992662943757,500,FALSE
"dca_nb","rmrs_score__allcause__t9.5",0.0123800844406524,0.00925225963648425,0.0125263682540978,0.0155286436885041,500,FALSE
"dca_nb","b9_score__allcause__t9.5",0.0119838246609217,0.0101879146295065,0.012959114598502,0.0157176068349636,500,FALSE
"dca_nb","pce_score__allcause__t9.5",0.0536795269395957,0.0501417047312654,0.0537149455912363,0.0575839833778031,500,FALSE
"dca_nb","framingham_score__allcause__t9.5",0.0303598631081694,0.0273389555200489,0.0305723763354551,0.0334710291411347,500,FALSE
"dca_nb","findrisc_score__allcause__t9.5",0.0176828398230826,0.0148597318047586,0.018009696118399,0.0213310318062501,500,FALSE
"dca_nb","rmrs_score__cv__t9.5",0.000742943369098963,0.000179896457833743,0.000822382698783518,0.0015386750714961,500,FALSE
"dca_nb","b9_score__cv__t9.5",0.000949699410767192,0.000144668871415844,0.000922736262191597,0.00183091583246441,500,FALSE
"dca_nb","pce_score__cv__t9.5",0.00985115269974726,0.0081600733920986,0.0099655669660807,0.0117679795573298,500,FALSE
"dca_nb","framingham_score__cv__t9.5",0.00490494448574397,0.00374367402768275,0.00490863586015542,0.006597230253445,500,FALSE
"dca_nb","rmrs_score__dm__t14.5",0.00170223437710129,0.000904215130857182,0.00183526360055576,0.00299369508085839,500,FALSE
"dca_nb","b9_score__dm__t14.5",0.00157707261437649,0.00053344675422116,0.00156734901527674,0.00247296793850473,500,FALSE
"dca_nb","findrisc_score__dm__t14.5",0.00230839906576023,0.000575516732568214,0.0022282274239227,0.00381208634151062,500,FALSE
"idi_nri","idi",0.00417683648458977,0.00101392486558309,0.00418661759749195,0.00865699535795054,500,FALSE
"idi_nri","nri",0.138800531625748,0.0470322474837303,0.149153038859367,0.266583291441202,500,FALSE
