"outcome","score","bin","n","predicted","observed"
"allcause","RMRS",1,1704,0.0328451807332915,0.0202924809944875
"allcause","RMRS",2,1703,0.0376137368127056,0.0307352068785837
"allcause","RMRS",3,1703,0.042122546735987,0.0513635094524626
"allcause","RMRS",4,1703,0.0465457733213515,0.055825992532369
"allcause","RMRS",5,1703,0.0511471558570825,0.069041562340477
"allcause","RMRS",6,1703,0.0559200319038873,0.0580640652294947
"allcause","RMRS",7,1703,0.0618578892705252,0.0585722141139796
"allcause","RMRS",8,1703,0.0690294719799842,0.0524218116448023
"allcause","RMRS",9,1703,0.0789164022412547,0.0838067550696683
"allcause","RMRS",10,1703,0.102659970213099,0.0989855537022858
"allcause","B9 tree",1,2314,0.0380312541975309,0.0302455123163283
"allcause","B9 tree",2,1235,0.0391798030449688,0.0253730918141278
"allcause","B9 tree",3,2684,0.0478882297309419,0.0487027269119231
"allcause","B9 tree",4,1440,0.054405269986811,0.123166760949954
"allcause","B9 tree",5,5503,0.0549056932084976,0.0414746668715643
"allcause","B9 tree",6,792,0.0671975159279083,0.0844809598806184
"allcause","B9 tree",7,3063,0.0954621435568506,0.0939501616712429
"allcause","PCE",1,982,0.0445713089402586,0.0197024762819643
"allcause","PCE",2,981,0.0466202334109789,0.022932125408629
"allcause","PCE",3,982,0.0493631778343331,0.0227009829569977
"allcause","PCE",4,981,0.0532565002583608,0.0422656772704754
"allcause","PCE",5,982,0.058478573761802,0.045929614794823
"allcause","PCE",6,981,0.0657180780920977,0.0757218843835976
"allcause","PCE",7,981,0.0763799305796456,0.0874947362629704
"allcause","PCE",8,982,0.0956605169739753,0.121255217470026
"allcause","PCE",9,981,0.134309291258962,0.185378351365978
"allcause","PCE",10,982,0.288113276714243,0.299970968591301
"allcause","Framingham",1,1704,0.0296283988349239,0.00334296810076928
"allcause","Framingham",2,1703,0.0302407346553384,0.00722915336119978
"allcause","Framingham",3,1703,0.0311391219055546,0.00932315293642061
"allcause","Framingham",4,1703,0.0325918911219198,0.0138867906672454
"allcause","Framingham",5,1703,0.0348941327828222,0.0273921820939105
"allcause","Framingham",6,1703,0.0384662538654214,0.0355285397980712
"allcause","Framingham",7,1703,0.0442242465446488,0.0437954519785951
"allcause","Framingham",8,1703,0.0539364478606881,0.083355860463277
"allcause","Framingham",9,1703,0.0742498021842228,0.126832334670216
"allcause","Framingham",10,1703,0.191619226517375,0.227634755944397
"allcause","FINDRISC",1,1999,0.023931585138966,0.0153251532096229
"allcause","FINDRISC",2,2361,0.0327813015617346,0.02938933515391
"allcause","FINDRISC",3,2324,0.0403737843512002,0.0338250867118428
"allcause","FINDRISC",4,629,0.0452318961831066,0.0675985623488892
"allcause","FINDRISC",5,1332,0.0493532177868585,0.0598904757162786
"allcause","FINDRISC",6,1621,0.0562784385850123,0.0810857552481605
"allcause","FINDRISC",7,1988,0.065715511483433,0.0639307338581194
"allcause","FINDRISC",8,1693,0.0784888041621554,0.068124743373131
"allcause","FINDRISC",9,1352,0.0944062700446584,0.100521471666863
"allcause","FINDRISC",10,1697,0.126765035402554,0.11822518235951
"cv","RMRS",1,2768,0.00570917963403585,0.00197660248820428
"cv","RMRS",2,2767,0.00812942907752639,0.0104473497512947
"cv","RMRS",3,2767,0.0109003197421361,0.0145713932434904
"cv","RMRS",4,2767,0.0149738922226046,0.0144074301292544
"cv","RMRS",5,2767,0.0254335756730566,0.0237942420736385
"cv","B9 tree",1,2926,0.00673003056895156,0.00263510508545851
"cv","B9 tree",2,3403,0.0100858390547395,0.0181070134654088
"cv","B9 tree",3,4461,0.0115773493584925,0.00944782531702032
"cv","B9 tree",4,634,0.0158659860488782,0.0131037007512293
"cv","B9 tree",5,2412,0.0270945553948771,0.0253388226477725
"cv","PCE",1,1581,0.00818417595267494,0.00264893419370463
"cv","PCE",2,1581,0.00939360511272284,0.00371715807259396
"cv","PCE",3,1580,0.0117554868150071,0.0146329215370572
"cv","PCE",4,1581,0.0174258557640944,0.0154464830651267
"cv","PCE",5,1581,0.058523575779551,0.0690659659938087
"cv","Framingham",1,2768,0.00579875979843469,0.000798180661220695
"cv","Framingham",2,2767,0.00619763328150806,0.00210222427553515
"cv","Framingham",3,2767,0.00720139173677296,0.00394861000182822
"cv","Framingham",4,2767,0.00991194923360332,0.0113959604667108
"cv","Framingham",5,2767,0.0349825442878941,0.0469003832800562
"dm","RMRS",1,2768,0.0016591608564952,0.00124983433978044
"dm","RMRS",2,2767,0.00296632943596051,0.00127566439977229
"dm","RMRS",3,2767,0.00481656678046846,0.00792292834554592
"dm","RMRS",4,2767,0.0081650519469419,0.0083632680206841
"dm","RMRS",5,2767,0.0203348448716758,0.0192565285450759
"dm","B9 tree",1,2926,0.00314318857548261,0.00217818871073071
"dm","B9 tree",2,3403,0.00529057728108246,0.00737185467289125
"dm","B9 tree",3,4461,0.00629154439839463,0.00470858528622327
"dm","B9 tree",4,634,0.00947074831392771,0.0177570379520873
"dm","B9 tree",5,2412,0.0187094694652776,0.0177903506512879
"dm","FINDRISC",1,3791,0.00303339858224814,0.00335644277467041
"dm","FINDRISC",2,2003,0.00478032399284872,0.00335864754428345
"dm","FINDRISC",3,2976,0.00672395082235387,0.00578468617346666
"dm","FINDRISC",4,2397,0.0100520931727492,0.0106466836620655
"dm","FINDRISC",5,2639,0.0183939930454766,0.0219350250180541
