"outcome","threshold","strategy","net_benefit"
"dm",0.01,"rmrs_score",0.00170223437710129
"dm",0.01,"b9_score",0.00157707261437649
"dm",0.01,"findrisc_score",0.00230839906576023
"dm",0.01,"treat_all",-0.0022768173627454
"dm",0.01,"treat_none",0
"dm",0.02,"rmrs_score",0.000609952382818616
"dm",0.02,"b9_score",0
"dm",0.02,"findrisc_score",0.0010974112977511
"dm",0.02,"treat_all",-0.0125041318256306
"dm",0.02,"treat_none",0
"dm",0.03,"rmrs_score",0.000107518296679084
"dm",0.03,"b9_score",0
"dm",0.03,"findrisc_score",-0.000194430221346001
"dm",0.03,"treat_all",-0.022942318751668
"dm",0.03,"treat_none",0
"dm",0.04,"rmrs_score",0.000160620856116885
"dm",0.04,"b9_score",0
"dm",0.04,"findrisc_score",6.61136296871222e-07
"dm",0.04,"treat_all",-0.0335979679053312
"dm",0.04,"treat_none",0
"dm",0.05,"rmrs_score",1.79489874108032e-05
"dm",0.05,"b9_score",0
"dm",0.05,"findrisc_score",0
"dm",0.05,"treat_all",-0.044477946514861
"dm",0.05,"treat_none",0
"dm",0.06,"rmrs_score",-3.22931852152572e-05
"dm",0.06,"b9_score",0
"dm",0.06,"findrisc_score",0
"dm",0.06,"treat_all",-0.0555894140309766
"dm",0.06,"treat_none",0
"dm",0.07,"rmrs_score",0
"dm",0.07,"b9_score",0
"dm",0.07,"findrisc_score",0
"dm",0.07,"treat_all",-0.0669398378377612
"dm",0.07,"treat_none",0
"dm",0.08,"rmrs_score",0
"dm",0.08,"b9_score",0
"dm",0.08,"findrisc_score",0
"dm",0.08,"treat_all",-0.0785370099881717
"dm",0.08,"treat_none",0
"dm",0.09,"rmrs_score",0
"dm",0.09,"b9_score",0
"dm",0.09,"findrisc_score",0
"dm",0.09,"treat_all",-0.0903890650429867
"dm",0.09,"treat_none",0
"dm",0.1,"rmrs_score",0
"dm",0.1,"b9_score",0
"dm",0.1,"findrisc_score",0
"dm",0.1,"treat_all",-0.10250449909902
"dm",0.1,"treat_none",0
"dm",0.11,"rmrs_score",0
"dm",0.11,"b9_score",0
"dm",0.11,"findrisc_score",0
"dm",0.11,"treat_all",-0.114892190100133
"dm",0.11,"treat_none",0
"dm",0.12,"rmrs_score",0
"dm",0.12,"b9_score",0
"dm",0.12,"findrisc_score",0
"dm",0.12,"treat_all",-0.127561419533089
"dm",0.12,"treat_none",0
"dm",0.13,"rmrs_score",0
"dm",0.13,"b9_score",0
"dm",0.13,"findrisc_score",0
"dm",0.13,"treat_all",-0.140521895619676
"dm",0.13,"treat_none",0
"dm",0.14,"rmrs_score",0
"dm",0.14,"b9_score",0
"dm",0.14,"findrisc_score",0
"dm",0.14,"treat_all",-0.153783778126881
"dm",0.14,"treat_none",0
"dm",0.15,"rmrs_score",0
"dm",0.15,"b9_score",0
"dm",0.15,"findrisc_score",0
"dm",0.15,"treat_all",-0.167357704928374
"dm",0.15,"treat_none",0
"dm",0.16,"rmrs_score",0
"dm",0.16,"b9_score",0
"dm",0.16,"findrisc_score",0
"dm",0.16,"treat_all",-0.181254820463236
"dm",0.16,"treat_none",0
"dm",0.17,"rmrs_score",0
"dm",0.17,"b9_score",0
"dm",0.17,"findrisc_score",0
"dm",0.17,"treat_all",-0.195486806251949
"dm",0.17,"treat_none",0
"dm",0.18,"rmrs_score",0
"dm",0.18,"b9_score",0
"dm",0.18,"findrisc_score",0
"dm",0.18,"treat_all",-0.210065913645266
"dm",0.18,"treat_none",0
"dm",0.19,"rmrs_score",0
"dm",0.19,"b9_score",0
"dm",0.19,"findrisc_score",0
"dm",0.19,"treat_all",-0.225004998998911
"dm",0.19,"treat_none",0
"dm",0.2,"rmrs_score",0
"dm",0.2,"b9_score",0
"dm",0.2,"findrisc_score",0
"dm",0.2,"treat_all",-0.240317561486397
"dm",0.2,"treat_none",0
"dm",0.21,"rmrs_score",0
"dm",0.21,"b9_score",0
"dm",0.21,"findrisc_score",0
"dm",0.21,"treat_all",-0.256017783783694
"dm",0.21,"treat_none",0
"dm",0.22,"rmrs_score",0
"dm",0.22,"b9_score",0
"dm",0.22,"findrisc_score",0
"dm",0.22,"treat_all",-0.272120575883485
"dm",0.22,"treat_none",0
"dm",0.23,"rmrs_score",0
"dm",0.23,"b9_score",0
"dm",0.23,"findrisc_score",0
"dm",0.23,"treat_all",-0.28864162232353
"dm",0.23,"treat_none",0
"dm",0.24,"rmrs_score",0
"dm",0.24,"b9_score",0
"dm",0.24,"findrisc_score",0
"dm",0.24,"treat_all",-0.305597433143576
"dm",0.24,"treat_none",0
"dm",0.25,"rmrs_score",0
"dm",0.25,"b9_score",0
"dm",0.25,"findrisc_score",0
"dm",0.25,"treat_all",-0.323005398918824
"dm",0.25,"treat_none",0
"dm",0.26,"rmrs_score",0
"dm",0.26,"b9_score",0
"dm",0.26,"findrisc_score",0
"dm",0.26,"treat_all",-0.340883850255565
"dm",0.26,"treat_none",0
"dm",0.27,"rmrs_score",0
"dm",0.27,"b9_score",0
"dm",0.27,"findrisc_score",0
"dm",0.27,"treat_all",-0.359252122176874
"dm",0.27,"treat_none",0
"dm",0.28,"rmrs_score",0
"dm",0.28,"b9_score",0
"dm",0.28,"findrisc_score",0
"dm",0.28,"treat_all",-0.378130623873775
"dm",0.28,"treat_none",0
"dm",0.29,"rmrs_score",0
"dm",0.29,"b9_score",0
"dm",0.29,"findrisc_score",0
"dm",0.29,"treat_all",-0.39754091435087
"dm",0.29,"treat_none",0
"dm",0.3,"rmrs_score",0
"dm",0.3,"b9_score",0
"dm",0.3,"findrisc_score",0
"dm",0.3,"treat_all",-0.417505784555883
"dm",0.3,"treat_none",0
