"outcome","score","subgroup_var","subgroup","n","events","horizon_y","auc"
"allcause","Framingham","sex","male",8116,493,9.5,0.806
"allcause","RMRS","sex","male",8116,493,9.5,0.568
"allcause","Framingham","sex","female",8915,313,9.5,0.805
"allcause","RMRS","sex","female",8915,313,9.5,0.641
"allcause","Framingham","race","MexicanAm",3204,105,9.5,0.818
"allcause","RMRS","race","MexicanAm",3204,105,9.5,0.621
"allcause","Framingham","race","OtherHisp",1488,49,9.5,0.844
"allcause","RMRS","race","OtherHisp",1488,49,9.5,0.669
"allcause","Framingham","race","NHWhite",7405,453,9.5,0.812
"allcause","RMRS","race","NHWhite",7405,453,9.5,0.61
"allcause","Framingham","race","NHBlack",3294,168,9.5,0.787
"allcause","RMRS","race","NHBlack",3294,168,9.5,0.568
"allcause","Framingham","race","NHAsian",973,11,9.5,NA
"allcause","RMRS","race","NHAsian",973,11,9.5,NA
"allcause","Framingham","race","Other",667,20,9.5,0.824
"allcause","RMRS","race","Other",667,20,9.5,0.595
"allcause","Framingham","age_band","20-39",7216,62,9.5,0.704
"allcause","RMRS","age_band","20-39",7216,62,9.5,0.603
"allcause","Framingham","age_band","40-49",3284,97,9.5,0.642
"allcause","RMRS","age_band","40-49",3284,97,9.5,0.601
"allcause","Framingham","age_band","50-59",2678,112,9.5,0.621
"allcause","RMRS","age_band","50-59",2678,112,9.5,0.507
"allcause","Framingham","age_band","60-69",2444,222,9.5,0.612
"allcause","RMRS","age_band","60-69",2444,222,9.5,0.471
"allcause","Framingham","age_band","70-79",1409,313,9.5,0.582
"allcause","RMRS","age_band","70-79",1409,313,9.5,0.462
"cv","PCE","sex","male",3815,107,9.5,0.802
"cv","Framingham","sex","male",6605,115,9.5,0.852
"cv","RMRS","sex","male",6605,115,9.5,0.634
"cv","PCE","sex","female",4089,55,9.5,0.788
"cv","Framingham","sex","female",7231,58,9.5,0.84
"cv","RMRS","sex","female",7231,58,9.5,0.694
"cv","PCE","race","MexicanAm",1406,26,9.5,0.807
"cv","Framingham","race","MexicanAm",2699,29,9.5,0.797
"cv","RMRS","race","MexicanAm",2699,29,9.5,0.671
"cv","PCE","race","OtherHisp",630,8,9.5,NA
"cv","Framingham","race","OtherHisp",1106,8,9.5,NA
"cv","RMRS","race","OtherHisp",1106,8,9.5,NA
"cv","PCE","race","NHWhite",3880,85,9.5,0.827
"cv","Framingham","race","NHWhite",6367,88,9.5,0.883
"cv","RMRS","race","NHWhite",6367,88,9.5,0.679
"cv","PCE","race","NHBlack",1457,35,9.5,0.796
"cv","Framingham","race","NHBlack",2627,39,9.5,0.86
"cv","RMRS","race","NHBlack",2627,39,9.5,0.67
"cv","PCE","race","NHAsian",278,4,9.5,NA
"cv","Framingham","race","NHAsian",515,4,9.5,NA
"cv","RMRS","race","NHAsian",515,4,9.5,NA
"cv","PCE","race","Other",253,4,9.5,NA
"cv","Framingham","race","Other",522,5,9.5,NA
"cv","RMRS","race","Other",522,5,9.5,NA
"cv","PCE","age_band","20-39",0,0,9.5,NA
"cv","Framingham","age_band","20-39",5932,11,9.5,0.7
"cv","RMRS","age_band","20-39",5932,11,9.5,0.723
"cv","PCE","age_band","40-49",2709,20,9.5,0.758
"cv","Framingham","age_band","40-49",2709,20,9.5,0.774
"cv","RMRS","age_band","40-49",2709,20,9.5,0.705
"cv","PCE","age_band","50-59",2105,15,9.5,0.642
"cv","Framingham","age_band","50-59",2105,15,9.5,0.683
"cv","RMRS","age_band","50-59",2105,15,9.5,0.563
"cv","PCE","age_band","60-69",1923,54,9.5,0.704
"cv","Framingham","age_band","60-69",1923,54,9.5,0.689
"cv","RMRS","age_band","60-69",1923,54,9.5,0.481
"cv","PCE","age_band","70-79",1167,73,9.5,0.696
"cv","Framingham","age_band","70-79",1167,73,9.5,0.668
"cv","RMRS","age_band","70-79",1167,73,9.5,0.529
"dm","RMRS","sex","male",6605,49,14.5,0.728
"dm","FINDRISC","sex","male",6593,49,14.5,0.734
"dm","RMRS","sex","female",7231,28,14.5,0.778
"dm","FINDRISC","sex","female",7213,26,14.5,0.832
"dm","RMRS","race","MexicanAm",2699,21,14.5,0.707
"dm","FINDRISC","race","MexicanAm",2697,20,14.5,0.744
"dm","RMRS","race","OtherHisp",1106,5,14.5,NA
"dm","FINDRISC","race","OtherHisp",1102,4,14.5,NA
"dm","RMRS","race","NHWhite",6367,23,14.5,0.78
"dm","FINDRISC","race","NHWhite",6347,23,14.5,0.781
"dm","RMRS","race","NHBlack",2627,21,14.5,0.776
"dm","FINDRISC","race","NHBlack",2624,21,14.5,0.802
"dm","RMRS","race","NHAsian",515,2,14.5,NA
"dm","FINDRISC","race","NHAsian",515,2,14.5,NA
"dm","RMRS","race","Other",522,5,14.5,NA
"dm","FINDRISC","race","Other",521,5,14.5,NA
"dm","RMRS","age_band","20-39",5932,4,14.5,NA
"dm","FINDRISC","age_band","20-39",5928,4,14.5,NA
"dm","RMRS","age_band","40-49",2709,9,14.5,NA
"dm","FINDRISC","age_band","40-49",2704,9,14.5,NA
"dm","RMRS","age_band","50-59",2105,11,14.5,0.779
"dm","FINDRISC","age_band","50-59",2102,11,14.5,0.627
"dm","RMRS","age_band","60-69",1923,26,14.5,0.676
"dm","FINDRISC","age_band","60-69",1917,25,14.5,0.622
"dm","RMRS","age_band","70-79",1167,27,14.5,0.603
"dm","FINDRISC","age_band","70-79",1155,26,14.5,0.641
