"Characteristic","Overall","Alive","Death"
"Age, years","43.3 (15.0)","42.7 (14.7)","58.8 (14.8)"
"Body mass index, kg/m$^2$","28.3 (6.5)","28.3 (6.5)","28.5 (6.8)"
"Waist circumference, cm","96.9 (15.9)","96.7 (15.9)","101.4 (16.9)"
"Systolic blood pressure, mmHg","119.7 (15.9)","119.4 (15.5)","129.6 (21.1)"
"Diastolic blood pressure, mmHg","71.0 (10.8)","71.0 (10.7)","70.8 (12.9)"
"Fasting glucose, mg/dL","99.1 (16.9)","98.8 (16.6)","105.3 (22.2)"
"HDL cholesterol, mg/dL","54.1 (16.0)","54.1 (15.8)","53.6 (21.4)"
"Triglycerides, mg/dL","126.7 (110.2)","126.1 (110.8)","142.6 (91.9)"
"Total cholesterol, mg/dL","196.8 (40.9)","196.7 (40.8)","200.4 (42.6)"
"Female sex","51.7","52.1","40.1"
"Non-Hispanic White","68.3","68.0","77.1"
"Non-Hispanic Black","10.6","10.6","11.2"
"Mexican American","8.6","8.7","3.8"
"Non-Hispanic Asian","2.4","2.4","0.6"
"Current smoker","21.2","20.6","35.7"
"Antihypertensive treatment","15.3","14.7","31.7"
"Physically active","73.1","73.7","56.6"
"Family history of diabetes","26.2","26.3","22.9"
"Prior high glucose / prediabetes","38.8","38.6","43.8"
