feature_set,label,horizon_y,n,events,mean_auc,std_auc
mets5,allcause_9_5y,9.5,17031,774,0.6975244249232031,0.005728867479103073
mets5,allcause_5y,5.0,17031,394,0.6798664608861873,0.02730391200577231
mets5,cv_9_5y,9.5,13836,163,0.7455071197762806,0.01947168688722534
mets5,cv_5y,5.0,13836,73,0.6840617997923009,0.08654798742732588
mets5,dm_14_5y,14.5,13836,72,0.771532171693229,0.01784216568716996
mets5,dm_10y,10.0,13836,45,0.754450449206009,0.07951760712044657
mets5,dm_5y,5.0,13836,13,0.825924573459476,0.10257375642085126
clinical8,allcause_9_5y,9.5,17031,774,0.8129097513171702,0.017864290266890563
clinical8,allcause_5y,5.0,17031,394,0.7847023885617428,0.0206626964559584
clinical8,cv_9_5y,9.5,13836,163,0.8167799831154866,0.019865411692816238
clinical8,cv_5y,5.0,13836,73,0.7736407739031456,0.07542672706340821
clinical8,dm_14_5y,14.5,13836,72,0.8276891720370301,0.025705012240784034
clinical8,dm_10y,10.0,13836,45,0.7874760564799399,0.060217129650534953
clinical8,dm_5y,5.0,13836,13,0.8490411140865495,0.08575643426239342
